full_name,nickname,gender,type,state,senate_class,party,,,,,,,,,,,,,,,,,,,,,,,,,
Sherrod Brown,,M,sen,OH,1,Democrat,,,,,,,,,,,,,,,,,,,,,,,,,
Maria Cantwell,,F,sen,WA,1,Democrat,,,,,,,,,,,,,,,,,,,,,,,,,
Benjamin L. Cardin,,M,sen,MD,1,Democrat,,,,,,,,,,,,,,,,,,,,,,,,,
Thomas R. Carper,,M,sen,DE,1,Democrat,,,,,,,,,,,,,,,,,,,,,,,,,
"Robert P. Casey, Jr.",Bob,M,sen,PA,1,Democrat,,,,,,,,,,,,,,,,,,,,,,,,,
Dianne Feinstein,,F,sen,CA,1,Democrat,,,,,,,,,,,,,,,,,,,,,,,,,
Amy Klobuchar,,F,sen,MN,1,Democrat,,,,,,,,,,,,,,,,,,,,,,,,,
Robert Menendez,Bob,M,sen,NJ,1,Democrat,,,,,,,,,,,,,,,,,,,,,,,,,
Bernard Sanders,Bernie,M,sen,VT,1,Independent,,,,,,,,,,,,,,,,,,,,,,,,,
Debbie Stabenow,,F,sen,MI,1,Democrat,,,,,,,,,,,,,,,,,,,,,,,,,
Jon Tester,,M,sen,MT,1,Democrat,,,,,,,,,,,,,,,,,,,,,,,,,
Sheldon Whitehouse,,M,sen,RI,1,Democrat,,,,,,,,,,,,,,,,,,,,,,,,,
John Barrasso,,M,sen,WY,1,Republican,,,,,,,,,,,,,,,,,,,,,,,,,
Roger F. Wicker,,M,sen,MS,1,Republican,,,,,,,,,,,,,,,,,,,,,,,,,
Lamar Alexander,,M,sen,TN,2,Republican,,,,,,,,,,,,,,,,,,,,,,,,,
Susan M. Collins,,F,sen,ME,2,Republican,,,,,,,,,,,,,,,,,,,,,,,,,
John Cornyn,,M,sen,TX,2,Republican,,,,,,,,,,,,,,,,,,,,,,,,,
Richard J. Durbin,,M,sen,IL,2,Democrat,,,,,,,,,,,,,,,,,,,,,,,,,
Michael B. Enzi,,M,sen,WY,2,Republican,,,,,,,,,,,,,,,,,,,,,,,,,
Lindsey Graham,,M,sen,SC,2,Republican,,,,,,,,,,,,,,,,,,,,,,,,,
James M. Inhofe,Jim,M,sen,OK,2,Republican,,,,,,,,,,,,,,,,,,,,,,,,,
Mitch McConnell,,M,sen,KY,2,Republican,,,,,,,,,,,,,,,,,,,,,,,,,
Jeff Merkley,,M,sen,OR,2,Democrat,,,,,,,,,,,,,,,,,,,,,,,,,
Jack Reed,Jack,M,sen,RI,2,Democrat,,,,,,,,,,,,,,,,,,,,,,,,,
James E. Risch,,M,sen,ID,2,Republican,,,,,,,,,,,,,,,,,,,,,,,,,
Pat Roberts,,M,sen,KS,2,Republican,,,,,,,,,,,,,,,,,,,,,,,,,
Jeanne Shaheen,,F,sen,NH,2,Democrat,,,,,,,,,,,,,,,,,,,,,,,,,
Tom Udall,,M,sen,NM,2,Democrat,,,,,,,,,,,,,,,,,,,,,,,,,
Mark R. Warner,,M,sen,VA,2,Democrat,,,,,,,,,,,,,,,,,,,,,,,,,
Kirsten E. Gillibrand,,F,sen,NY,1,Democrat,,,,,,,,,,,,,,,,,,,,,,,,,
Christopher A. Coons,,M,sen,DE,2,Democrat,,,,,,,,,,,,,,,,,,,,,,,,,
"Joe Manchin, III",,M,sen,WV,1,Democrat,,,,,,,,,,,,,,,,,,,,,,,,,
Robert B. Aderholt,,M,rep,AL,,Republican,,,,,,,,,,,,,,,,,,,,,,,,,
Justin Amash,,M,rep,MI,,Republican,,,,,,,,,,,,,,,,,,,,,,,,,
Tammy Baldwin,,F,sen,WI,1,Democrat,,,,,,,,,,,,,,,,,,,,,,,,,
Karen Bass,,F,rep,CA,,Democrat,,,,,,,,,,,,,,,,,,,,,,,,,
Michael F. Bennet,,M,sen,CO,3,Democrat,,,,,,,,,,,,,,,,,,,,,,,,,
Gus M. Bilirakis,,M,rep,FL,,Republican,,,,,,,,,,,,,,,,,,,,,,,,Gus Bilirakis,
Rob Bishop,,M,rep,UT,,Republican,,,,,,,,,,,,,,,,,,,,,,,,,
"Sanford D. Bishop, Jr.",,M,rep,GA,,Democrat,,,,,,,,,,,,,,,,,,,,,,,,,
Marsha Blackburn,,F,sen,TN,1,Republican,,,,,,,,,,,,,,,,,,,,,,,,,
Earl Blumenauer,,M,rep,OR,,Democrat,,,,,,,,,,,,,,,,,,,,,,,,Earl Blumenauer,
Richard Blumenthal,,M,sen,CT,3,Democrat,,,,,,,,,,,,,,,,,,,,,,,,,
Roy Blunt,,M,sen,MO,3,Republican,,,,,,,,,,,,,,,,,,,,,,,,,
John Boozman,,M,sen,AR,3,Republican,,,,,,,,,,,,,,,,,,,,,,,,,
Kevin Brady,,M,rep,TX,,Republican,,,,,,,,,,,,,,,,,,,,,,,,,
Mo Brooks,,M,rep,AL,,Republican,,,,,,,,,,,,,,,,,,,,,,,,,
Vern Buchanan,,M,rep,FL,,Republican,,,,,,,,,,,,,,,,,,,,,,,,Vern Buchanan,
Larry Bucshon,,M,rep,IN,,Republican,,,,,,,,,,,,,,,,,,,,,,,,,
Michael C. Burgess,,M,rep,TX,,Republican,,,,,,,,,,,,,,,,,,,,,,,,,
Richard Burr,,M,sen,NC,3,Republican,,,,,,,,,,,,,,,,,,,,,,,,,
G. K. Butterfield,G.K.,M,rep,NC,,Democrat,,,,,,,,,,,,,,,,,,,,,,,,,
Ken Calvert,,M,rep,CA,,Republican,,,,,,,,,,,,,,,,,,,,,,,,,
Shelley Moore Capito,,F,sen,WV,2,Republican,,,,,,,,,,,,,,,,,,,,,,,,,
André Carson,,M,rep,IN,,Democrat,,,,,,,,,,,,,,,,,,,,,,,,André Carson,
John R. Carter,,M,rep,TX,,Republican,,,,,,,,,,,,,,,,,,,,,,,,,
Bill Cassidy,,M,sen,LA,2,Republican,,,,,,,,,,,,,,,,,,,,,,,,,
Kathy Castor,,F,rep,FL,,Democrat,,,,,,,,,,,,,,,,,,,,,,,,,
Steve Chabot,,M,rep,OH,,Republican,,,,,,,,,,,,,,,,,,,,,,,,,
Judy Chu,,F,rep,CA,,Democrat,,,,,,,,,,,,,,,,,,,,,,,,,
David N. Cicilline,,M,rep,RI,,Democrat,,,,,,,,,,,,,,,,,,,,,,,,,
Yvette D. Clarke,,F,rep,NY,,Democrat,,,,,,,,,,,,,,,,,,,,,,,,,
Wm. Lacy Clay,,M,rep,MO,,Democrat,,,,,,,,,,,,,,,,,,,,,,,,,
Emanuel Cleaver,,M,rep,MO,,Democrat,,,,,,,,,,,,,,,,,,,,,,,,,
James E. Clyburn,Jim,M,rep,SC,,Democrat,,,,,,,,,,,,,,,,,,,,,,,,,
Steve Cohen,,M,rep,TN,,Democrat,,,,,,,,,,,,,,,,,,,,,,,,,
Tom Cole,,M,rep,OK,,Republican,,,,,,,,,,,,,,,,,,,,,,,,,
K. Michael Conaway,,M,rep,TX,,Republican,,,,,,,,,,,,,,,,,,,,,,,,,
Gerald E. Connolly,,M,rep,VA,,Democrat,,,,,,,,,,,,,,,,,,,,,,,,,
Jim Cooper,,M,rep,TN,,Democrat,,,,,,,,,,,,,,,,,,,,,,,,Jim Cooper,
Jim Costa,,M,rep,CA,,Democrat,,,,,,,,,,,,,,,,,,,,,,,,Jim Costa,
Joe Courtney,,M,rep,CT,,Democrat,,,,,,,,,,,,,,,,,,,,,,,,Joe Courtney (politician),
Mike Crapo,,M,sen,ID,3,Republican,,,,,,,,,,,,,,,,,,,,,,,,,
"Eric A. ""Rick"" Crawford",Rick,M,rep,AR,,Republican,,,,,,,,,,,,,,,,,,,,,,,,,
Henry Cuellar,,M,rep,TX,,Democrat,,,,,,,,,,,,,,,,,,,,,,,,,
Elijah E. Cummings,,M,rep,MD,,Democrat,,,,,,,,,,,,,,,,,,,,,,,,,
Danny K. Davis,,M,rep,IL,,Democrat,,,,,,,,,,,,,,,,,,,,,,,,,
Susan A. Davis,,F,rep,CA,,Democrat,,,,,,,,,,,,,,,,,,,,,,,,,
Peter A. DeFazio,,M,rep,OR,,Democrat,,,,,,,,,,,,,,,,,,,,,,,,Peter DeFazio,
Diana DeGette,,F,rep,CO,,Democrat,,,,,,,,,,,,,,,,,,,,,,,,29710,Diana DeGette
Rosa L. DeLauro,,F,rep,CT,,Democrat,,,,,,,,,,,,,,,,,,,,,,,,Rosa DeLauro,
Scott DesJarlais,,M,rep,TN,,Republican,,,,,,,,,,,,,,,,,,,,,,,,,
Theodore E. Deutch,,M,rep,FL,,Democrat,,,,,,,,,,,,,,,,,,,,,,,,,
Mario Diaz-Balart,,M,rep,FL,,Republican,,,,,,,,,,,,,,,,,,,,,,,,,
Lloyd Doggett,,M,rep,TX,,Democrat,,,,,,,,,,,,,,,,,,,,,,,,Lloyd Doggett,
Michael F. Doyle,Mike,M,rep,PA,,Democrat,,,,,,,,,,,,,,,,,,,,,,,,,
Sean P. Duffy,,M,rep,WI,,Republican,,,,,,,,,,,,,,,,,,,,,,,,,
Jeff Duncan,,M,rep,SC,,Republican,,,,,,,,,,,,,,,,,,,,,,,,,
Eliot L. Engel,,M,rep,NY,,Democrat,,,,,,,,,,,,,,,,,,,,,,,,,
Anna G. Eshoo,,F,rep,CA,,Democrat,,,,,,,,,,,,,,,,,,,,,,,,Anna Eshoo,
"Charles J. ""Chuck"" Fleischmann",Chuck,M,rep,TN,,Republican,,,,,,,,,,,,,,,,,,,,,,,,,
Bill Flores,,M,rep,TX,,Republican,,,,,,,,,,,,,,,,,,,,,,,,,
Jeff Fortenberry,,M,rep,NE,,Republican,,,,,,,,,,,,,,,,,,,,,,,,Jeff Fortenberry,
Virginia Foxx,,F,rep,NC,,Republican,,,,,,,,,,,,,,,,,,,,,,,,,
Marcia L. Fudge,,F,rep,OH,,Democrat,,,,,,,,,,,,,,,,,,,,,,,,,
John Garamendi,,M,rep,CA,,Democrat,,,,,,,,,,,,,,,,,,,,,,,,,
Cory Gardner,,M,sen,CO,2,Republican,,,,,,,,,,,,,,,,,,,,,,,,,
Bob Gibbs,,M,rep,OH,,Republican,,,,,,,,,,,,,,,,,,,,,,,,,
Louie Gohmert,,M,rep,TX,,Republican,,,,,,,,,,,,,,,,,,,,,,,,,
Paul A. Gosar,,M,rep,AZ,,Republican,,,,,,,,,,,,,,,,,,,,,,,,,
Kay Granger,,F,rep,TX,,Republican,,,,,,,,,,,,,,,,,,,,,,,,,
Chuck Grassley,Chuck,M,sen,IA,3,Republican,,,,,,,,,,,,,,,,,,,,,,,,,
Sam Graves,,M,rep,MO,,Republican,,,,,,,,,,,,,,,,,,,,,,,,,
Tom Graves,,M,rep,GA,,Republican,,,,,,,,,,,,,,,,,,,,,,,,,
Al Green,,M,rep,TX,,Democrat,,,,,,,,,,,,,,,,,,,,,,,,,
H. Morgan Griffith,,M,rep,VA,,Republican,,,,,,,,,,,,,,,,,,,,,,,,,
Raúl M. Grijalva,,M,rep,AZ,,Democrat,,,,,,,,,,,,,,,,,,,,,,,,,
Brett Guthrie,,M,rep,KY,,Republican,,,,,,,,,,,,,,,,,,,,,,,,,
Andy Harris,,M,rep,MD,,Republican,,,,,,,,,,,,,,,,,,,,,,,,,
Vicky Hartzler,,F,rep,MO,,Republican,,,,,,,,,,,,,,,,,,,,,,,,,
Alcee L. Hastings,,M,rep,FL,,Democrat,,,,,,,,,,,,,,,,,,,,,,,,,
Martin Heinrich,,M,sen,NM,1,Democrat,,,,,,,,,,,,,,,,,,,,,,,,,
Jaime Herrera Beutler,,F,rep,WA,,Republican,,,,,,,,,,,,,,,,,,,,,,,,,
Brian Higgins,,M,rep,NY,,Democrat,,,,,,,,,,,,,,,,,,,,,,,,,
James A. Himes,,M,rep,CT,,Democrat,,,,,,,,,,,,,,,,,,,,,,,,,
Mazie K. Hirono,,F,sen,HI,1,Democrat,,,,,,,,,,,,,,,,,,,,,,,,,
John Hoeven,,M,sen,ND,3,Republican,,,,,,,,,,,,,,,,,,,,,,,,,
Steny H. Hoyer,,M,rep,MD,,Democrat,,,,,,,,,,,,,,,,,,,,,,,,Steny Hoyer,
Bill Huizenga,,M,rep,MI,,Republican,,,,,,,,,,,,,,,,,,,,,,,,,
Duncan Hunter,,M,rep,CA,,Republican,,,,,,,,,,,,,,,,,,,,,,,,,
Johnny Isakson,Johnny,M,sen,GA,3,Republican,,,,,,,,,,,,,,,,,,,,,,,,,
Sheila Jackson Lee,,F,rep,TX,,Democrat,,,,,,,,,,,,,,,,,,,,,,,,,
Bill Johnson,,M,rep,OH,,Republican,,,,,,,,,,,,,,,,,,,,,,,,,
Eddie Bernice Johnson,,F,rep,TX,,Democrat,,,,,,,,,,,,,,,,,,,,,,,,,
"Henry C. ""Hank"" Johnson, Jr.",Hank,M,rep,GA,,Democrat,,,,,,,,,,,,,,,,,,,,,,,,,
Ron Johnson,,M,sen,WI,3,Republican,,,,,,,,,,,,,,,,,,,,,,,,,
Jim Jordan,,M,rep,OH,,Republican,,,,,,,,,,,,,,,,,,,,,,,,,
Marcy Kaptur,,F,rep,OH,,Democrat,,,,,,,,,,,,,,,,,,,,,,,,Marcy Kaptur,
William R. Keating,,M,rep,MA,,Democrat,,,,,,,,,,,,,,,,,,,,,,,,Bill Keating (politician),
Mike Kelly,,M,rep,PA,,Republican,,,,,,,,,,,,,,,,,,,,,,,,,
Ron Kind,,M,rep,WI,,Democrat,,,,,,,,,,,,,,,,,,,,,,,,,
Peter T. King,Pete,M,rep,NY,,Republican,,,,,,,,,,,,,,,,,,,,,,,,,
Steve King,,M,rep,IA,,Republican,,,,,,,,,,,,,,,,,,,,,,,,Steve King,
Adam Kinzinger,,M,rep,IL,,Republican,,,,,,,,,,,,,,,,,,,,,,,,,
Doug Lamborn,,M,rep,CO,,Republican,,,,,,,,,,,,,,,,,,,,,,,,,
James R. Langevin,Jim,M,rep,RI,,Democrat,,,,,,,,,,,,,,,,,,,,,,,,,
James Lankford,,M,sen,OK,3,Republican,,,,,,,,,,,,,,,,,,,,,,,,,
Rick Larsen,,M,rep,WA,,Democrat,,,,,,,,,,,,,,,,,,,,,,,,,
John B. Larson,,M,rep,CT,,Democrat,,,,,,,,,,,,,,,,,,,,,,,,John B. Larson,
Robert E. Latta,,M,rep,OH,,Republican,,,,,,,,,,,,,,,,,,,,,,,,,
Patrick J. Leahy,,M,sen,VT,3,Democrat,,,,,,,,,,,,,,,,,,,,,,,,,
Barbara Lee,,F,rep,CA,,Democrat,,,,,,,,,,,,,,,,,,,,,,,,,
Mike Lee,,M,sen,UT,3,Republican,,,,,,,,,,,,,,,,,,,,,,,,,
John Lewis,,M,rep,GA,,Democrat,,,,,,,,,,,,,,,,,,,,,,,,,
Daniel Lipinski,,M,rep,IL,,Democrat,,,,,,,,,,,,,,,,,,,,,,,,,
David Loebsack,,M,rep,IA,,Democrat,,,,,,,,,,,,,,,,,,,,,,,,,
Zoe Lofgren,,F,rep,CA,,Democrat,,,,,,,,,,,,,,,,,,,,,,,,Zoe Lofgren,
Billy Long,,M,rep,MO,,Republican,,,,,,,,,,,,,,,,,,,,,,,,,
Nita M. Lowey,,F,rep,NY,,Democrat,,,,,,,,,,,,,,,,,,,,,,,,,
Frank D. Lucas,,M,rep,OK,,Republican,,,,,,,,,,,,,,,,,,,,,,,,,
Blaine Luetkemeyer,,M,rep,MO,,Republican,,,,,,,,,,,,,,,,,,,,,,,,,
Ben Ray Luján,,M,rep,NM,,Democrat,,,,,,,,,,,,,,,,,,,,,,,,Ben Ray Luján,
Stephen F. Lynch,,M,rep,MA,,Democrat,,,,,,,,,,,,,,,,,,,,,,,,,
Carolyn B. Maloney,,F,rep,NY,,Democrat,,,,,,,,,,,,,,,,,,,,,,,,,
Kenny Marchant,,M,rep,TX,,Republican,,,,,,,,,,,,,,,,,,,,,,,,,
Edward J. Markey,Ed,M,sen,MA,2,Democrat,,,,,,,,,,,,,,,,,,,,,,,,,
Doris O. Matsui,,F,rep,CA,,Democrat,,,,,,,,,,,,,,,,,,,,,,,,Doris Matsui,
Kevin McCarthy,,M,rep,CA,,Republican,,,,,,,,,,,,,,,,,,,,,,,,Kevin McCarthy (California politician),
Michael T. McCaul,,M,rep,TX,,Republican,,,,,,,,,,,,,,,,,,,,,,,,,
Tom McClintock,,M,rep,CA,,Republican,,,,,,,,,,,,,,,,,,,,,,,,,
Betty McCollum,,F,rep,MN,,Democrat,,,,,,,,,,,,,,,,,,,,,,,,,
James P. McGovern,Jim,M,rep,MA,,Democrat,,,,,,,,,,,,,,,,,,,,,,,,,
Patrick T. McHenry,,M,rep,NC,,Republican,,,,,,,,,,,,,,,,,,,,,,,,,
David B. McKinley,,M,rep,WV,,Republican,,,,,,,,,,,,,,,,,,,,,,,,,
Cathy McMorris Rodgers,,F,rep,WA,,Republican,,,,,,,,,,,,,,,,,,,,,,,,,
Jerry McNerney,,M,rep,CA,,Democrat,,,,,,,,,,,,,,,,,,,,,,,,,
Gregory W. Meeks,,M,rep,NY,,Democrat,,,,,,,,,,,,,,,,,,,,,,,,,
Gwen Moore,,F,rep,WI,,Democrat,,,,,,,,,,,,,,,,,,,,,,,,,
Jerry Moran,,M,sen,KS,3,Republican,,,,,,,,,,,,,,,,,,,,,,,,,
Lisa Murkowski,,F,sen,AK,3,Republican,,,,,,,,,,,,,,,,,,,,,,,,,
Christopher Murphy,,M,sen,CT,1,Democrat,,,,,,,,,,,,,,,,,,,,,,,,,
Patty Murray,,F,sen,WA,3,Democrat,,,,,,,,,,,,,,,,,,,,,,,,,
Jerrold Nadler,,M,rep,NY,,Democrat,,,,,,,,,,,,,,,,,,,,,,,,,
Grace F. Napolitano,,F,rep,CA,,Democrat,,,,,,,,,,,,,,,,,,,,,,,,,
Richard E. Neal,,M,rep,MA,,Democrat,,,,,,,,,,,,,,,,,,,,,,,,Richard Neal,
Eleanor Holmes Norton,,F,rep,DC,,Democrat,,,,,,,,,,,,,,,,,,,,,,,,Eleanor Holmes Norton,
Devin Nunes,,M,rep,CA,,Republican,,,,,,,,,,,,,,,,,,,,,,,,,
Pete Olson,,M,rep,TX,,Republican,,,,,,,,,,,,,,,,,,,,,,,,,
Steven M. Palazzo,,M,rep,MS,,Republican,,,,,,,,,,,,,,,,,,,,,,,,,
"Frank Pallone, Jr.",,M,rep,NJ,,Democrat,,,,,,,,,,,,,,,,,,,,,,,,,
"Bill Pascrell, Jr.",,M,rep,NJ,,Democrat,,,,,,,,,,,,,,,,,,,,,,,,,
Rand Paul,,M,sen,KY,3,Republican,,,,,,,,,,,,,,,,,,,,,,,,,
Nancy Pelosi,,F,rep,CA,,Democrat,,,,,,,,,,,,,,,,,,,,,,,,,
Ed Perlmutter,,M,rep,CO,,Democrat,,,,,,,,,,,,,,,,,,,,,,,,Ed Perlmutter,
Gary C. Peters,,M,sen,MI,2,Democrat,,,,,,,,,,,,,,,,,,,,,,,,,
Collin C. Peterson,,M,rep,MN,,Democrat,,,,,,,,,,,,,,,,,,,,,,,,,
Chellie Pingree,,F,rep,ME,,Democrat,,,,,,,,,,,,,,,,,,,,,,,,Chellie Pingree,
Rob Portman,Rob,M,sen,OH,3,Republican,,,,,,,,,,,,,,,,,,,,,,,,,
Bill Posey,,M,rep,FL,,Republican,,,,,,,,,,,,,,,,,,,,,,,,,
David E. Price,,M,rep,NC,,Democrat,,,,,,,,,,,,,,,,,,,,,,,,David Price (American politician),
Mike Quigley,,M,rep,IL,,Democrat,,,,,,,,,,,,,,,,,,,,,,,,Mike Quigley (politician),
Tom Reed,,M,rep,NY,,Republican,,,,,,,,,,,,,,,,,,,,,,,,,
Cedric L. Richmond,,M,rep,LA,,Democrat,,,,,,,,,,,,,,,,,,,,,,,,,
Martha Roby,,F,rep,AL,,Republican,,,,,,,,,,,,,,,,,,,,,,,,,
David P. Roe,Phil,M,rep,TN,,Republican,,,,,,,,,,,,,,,,,,,,,,,,,
Harold Rogers,Hal,M,rep,KY,,Republican,,,,,,,,,,,,,,,,,,,,,,,,,
Mike Rogers,,M,rep,AL,,Republican,,,,,,,,,,,,,,,,,,,,,,,,,
Lucille Roybal-Allard,,F,rep,CA,,Democrat,,,,,,,,,,,,,,,,,,,,,,,,,
Marco Rubio,,M,sen,FL,3,Republican,,,,,,,,,,,,,,,,,,,,,,,,,
C. A. Dutch Ruppersberger,,M,rep,MD,,Democrat,,,,,,,,,,,,,,,,,,,,,,,,,
Bobby L. Rush,,M,rep,IL,,Democrat,,,,,,,,,,,,,,,,,,,,,,,,,
Tim Ryan,,M,rep,OH,,Democrat,,,,,,,,,,,,,,,,,,,,,,,,,
Gregorio Kilili Camacho Sablan,,M,rep,MP,,Democrat,,,,,,,,,,,,,,,,,,,,,,,,,
John P. Sarbanes,,M,rep,MD,,Democrat,,,,,,,,,,,,,,,,,,,,,,,,,
Steve Scalise,,M,rep,LA,,Republican,,,,,,,,,,,,,,,,,,,,,,,,,
Janice D. Schakowsky,Jan,F,rep,IL,,Democrat,,,,,,,,,,,,,,,,,,,,,,,,Jan Schakowsky,
Adam B. Schiff,,M,rep,CA,,Democrat,,,,,,,,,,,,,,,,,,,,,,,,,
Kurt Schrader,,M,rep,OR,,Democrat,,,,,,,,,,,,,,,,,,,,,,,,,
Charles E. Schumer,Chuck,M,sen,NY,3,Democrat,,,,,,,,,,,,,,,,,,,,,,,,,
David Schweikert,,M,rep,AZ,,Republican,,,,,,,,,,,,,,,,,,,,,,,,,
Austin Scott,,M,rep,GA,,Republican,,,,,,,,,,,,,,,,,,,,,,,,Austin Scott (politician),
David Scott,,M,rep,GA,,Democrat,,,,,,,,,,,,,,,,,,,,,,,,,
"Robert C. ""Bobby"" Scott",Bobby,M,rep,VA,,Democrat,,,,,,,,,,,,,,,,,,,,,,,,Bobby Scott (politician),
Tim Scott,,M,sen,SC,3,Republican,,,,,,,,,,,,,,,,,,,,,,,,,
"F. James Sensenbrenner, Jr.",,M,rep,WI,,Republican,,,,,,,,,,,,,,,,,,,,,,,,,
José E. Serrano,,M,rep,NY,,Democrat,,,,,,,,,,,,,,,,,,,,,,,,,
Terri A. Sewell,,F,rep,AL,,Democrat,,,,,,,,,,,,,,,,,,,,,,,,,
Richard C. Shelby,,M,sen,AL,3,Republican,,,,,,,,,,,,,,,,,,,,,,,,,
Brad Sherman,,M,rep,CA,,Democrat,,,,,,,,,,,,,,,,,,,,,,,,,
John Shimkus,,M,rep,IL,,Republican,,,,,,,,,,,,,,,,,,,,,,,,,
Michael K. Simpson,Mike,M,rep,ID,,Republican,,,,,,,,,,,,,,,,,,,,,,,,,
Albio Sires,,M,rep,NJ,,Democrat,,,,,,,,,,,,,,,,,,,,,,,,,
Adam Smith,,M,rep,WA,,Democrat,,,,,,,,,,,,,,,,,,,,,,,,,
Adrian Smith,,M,rep,NE,,Republican,,,,,,,,,,,,,,,,,,,,,,,,,
Christopher H. Smith,Chris,M,rep,NJ,,Republican,,,,,,,,,,,,,,,,,,,,,,,,,
Jackie Speier,,F,rep,CA,,Democrat,,,,,,,,,,,,,,,,,,,,,,,,Jackie Speier,
Steve Stivers,,M,rep,OH,,Republican,,,,,,,,,,,,,,,,,,,,,,,,,
Linda T. Sánchez,,F,rep,CA,,Democrat,,,,,,,,,,,,,,,,,,,,,,,,Linda Sánchez,
Bennie G. Thompson,,M,rep,MS,,Democrat,,,,,,,,,,,,,,,,,,,,,,,,Bennie Thompson,
Mike Thompson,,M,rep,CA,,Democrat,,,,,,,,,,,,,,,,,,,,,,,,,
Glenn Thompson,,M,rep,PA,,Republican,,,,,,,,,,,,,,,,,,,,,,,,,
Mac Thornberry,,M,rep,TX,,Republican,,,,,,,,,,,,,,,,,,,,,,,,,
John Thune,,M,sen,SD,3,Republican,,,,,,,,,,,,,,,,,,,,,,,,,
Scott R. Tipton,,M,rep,CO,,Republican,,,,,,,,,,,,,,,,,,,,,,,,,
Paul Tonko,,M,rep,NY,,Democrat,,,,,,,,,,,,,,,,,,,,,,,,,
Patrick J. Toomey,Pat,M,sen,PA,3,Republican,,,,,,,,,,,,,,,,,,,,,,,,,
Michael R. Turner,,M,rep,OH,,Republican,,,,,,,,,,,,,,,,,,,,,,,,,
Fred Upton,,M,rep,MI,,Republican,,,,,,,,,,,,,,,,,,,,,,,,,
Chris Van Hollen,,M,sen,MD,3,Democrat,,,,,,,,,,,,,,,,,,,,,,,,,
Nydia M. Velázquez,,F,rep,NY,,Democrat,,,,,,,,,,,,,,,,,,,,,,,,,
Peter J. Visclosky,,M,rep,IN,,Democrat,,,,,,,,,,,,,,,,,,,,,,,,,
Tim Walberg,,M,rep,MI,,Republican,,,,,,,,,,,,,,,,,,,,,,,,,
Greg Walden,,M,rep,OR,,Republican,,,,,,,,,,,,,,,,,,,,,,,,,
Debbie Wasserman Schultz,,F,rep,FL,,Democrat,,,,,,,,,,,,,,,,,,,,,,,,,
Maxine Waters,,F,rep,CA,,Democrat,,,,,,,,,,,,,,,,,,,,,,,,,
Daniel Webster,,M,rep,FL,,Republican,,,,,,,,,,,,,,,,,,,,,,,,,
Peter Welch,,M,rep,VT,,Democrat,,,,,,,,,,,,,,,,,,,,,,,,Peter Welch,
Joe Wilson,,M,rep,SC,,Republican,,,,,,,,,,,,,,,,,,,,,,,,,
Frederica S. Wilson,,F,rep,FL,,Democrat,,,,,,,,,,,,,,,,,,,,,,,,,
Robert J. Wittman,,M,rep,VA,,Republican,,,,,,,,,,,,,,,,,,,,,,,,Rob Wittman,
Steve Womack,,M,rep,AR,,Republican,,,,,,,,,,,,,,,,,,,,,,,,,
Rob Woodall,,M,rep,GA,,Republican,,,,,,,,,,,,,,,,,,,,,,,,,
Ron Wyden,,M,sen,OR,3,Democrat,,,,,,,,,,,,,,,,,,,,,,,,,
John A. Yarmuth,,M,rep,KY,,Democrat,,,,,,,,,,,,,,,,,,,,,,,,,
Don Young,,M,rep,AK,,Republican,,,,,,,,,,,,,,,,,,,,,,,,,
Todd Young,,M,sen,IN,3,Republican,,,,,,,,,,,,,,,,,,,,,,,,,
Mark E. Amodei,,M,rep,NV,,Republican,,,,,,,,,,,,,,,,,,,,,,,,,
Suzanne Bonamici,,F,rep,OR,,Democrat,,,,,,,,,,,,,,,,,,,,,,,,,
Suzan K. DelBene,,F,rep,WA,,Democrat,,,,,,,,,,,,,,,,,,,,,,,,,
Thomas Massie,,M,rep,KY,,Republican,,,,,,,,,,,,,,,,,,,,,,,,,
"Donald M. Payne, Jr.",,M,rep,NJ,,Democrat,,,,,,,,,,,,,,,,,,,,,,,,,
Brian Schatz,,M,sen,HI,3,Democrat,,,,,,,,,,,,,,,,,,,,,,,,,
Bill Foster,,M,rep,IL,,Democrat,,,,,,,,,,,,,,,,,,,,,,,,,
Dina Titus,,F,rep,NV,,Democrat,,,,,,,,,,,,,,,,,,,,,,,,,
Tom Cotton,,M,sen,AR,2,Republican,,,,,,,,,,,,,,,,,,,,,,,,,
Kyrsten Sinema,,F,sen,AZ,1,Democrat,,,,,,,,,,,,,,,,,,,,,,,,,
Doug LaMalfa,,M,rep,CA,,Republican,,,,,,,,,,,,,,,,,,,,,,,,,
Jared Huffman,,M,rep,CA,,Democrat,,,,,,,,,,,,,,,,,,,,,,,,,
Ami Bera,,M,rep,CA,,Democrat,,,,,,,,,,,,,,,,,,,,,,,,,
Paul Cook,,M,rep,CA,,Republican,,,,,,,,,,,,,,,,,,,,,,,,,
Eric Swalwell,,M,rep,CA,,Democrat,,,,,,,,,,,,,,,,,,,,,,,,,
Julia Brownley,,F,rep,CA,,Democrat,,,,,,,,,,,,,,,,,,,,,,,,,
Tony Cárdenas,,M,rep,CA,,Democrat,,,,,,,,,,,,,,,,,,,,,,,,,
Raul Ruiz,,M,rep,CA,,Democrat,,,,,,,,,,,,,,,,,,,,,,,,,
Mark Takano,,M,rep,CA,,Democrat,,,,,,,,,,,,,,,,,,,,,,,,,
Alan S. Lowenthal,,M,rep,CA,,Democrat,,,,,,,,,,,,,,,,,,,,,,,,,
Juan Vargas,,M,rep,CA,,Democrat,,,,,,,,,,,,,,,,,,,,,,,,,
Scott H. Peters,,M,rep,CA,,Democrat,,,,,,,,,,,,,,,,,,,,,,,,,
Ted S. Yoho,,M,rep,FL,,Republican,,,,,,,,,,,,,,,,,,,,,,,,,
Lois Frankel,,F,rep,FL,,Democrat,,,,,,,,,,,,,,,,,,,,,,,,,
Doug Collins,,M,rep,GA,,Republican,,,,,,,,,,,,,,,,,,,,,,,,,
Tulsi Gabbard,,F,rep,HI,,Democrat,,,,,,,,,,,,,,,,,,,,,,,,,
Tammy Duckworth,,F,sen,IL,3,Democrat,,,,,,,,,,,,,,,,,,,,,,,,,
Rodney Davis,,M,rep,IL,,Republican,,,,,,,,,,,,,,,,,,,,,,,,,
Cheri Bustos,,F,rep,IL,,Democrat,,,,,,,,,,,,,,,,,,,,,,,,,
Jackie Walorski,,F,rep,IN,,Republican,,,,,,,,,,,,,,,,,,,,,,,,,
Susan W. Brooks,,F,rep,IN,,Republican,,,,,,,,,,,,,,,,,,,,,,,,,
Andy Barr,Andy,M,rep,KY,,Republican,,,,,,,,,,,,,,,,,,,,,,,,,
Elizabeth Warren,,F,sen,MA,1,Democrat,,,,,,,,,,,,,,,,,,,,,,,,,
Joseph P. Kennedy III,,M,rep,MA,,Democrat,,,,,,,,,,,,,,,,,,,,,,,,,
"Angus S. King, Jr.",,M,sen,ME,1,Independent,,,,,,,,,,,,,,,,,,,,,,,,,
Daniel T. Kildee,,M,rep,MI,,Democrat,,,,,,,,,,,,,,,,,,,,,,,,,
Ann Wagner,,F,rep,MO,,Republican,,,,,,,,,,,,,,,,,,,,,,,,,
Steve Daines,,M,sen,MT,2,Republican,,,,,,,,,,,,,,,,,,,,,,,,,
Richard Hudson,,M,rep,NC,,Republican,,,,,,,,,,,,,,,,,,,,,,,,,
Mark Meadows,,M,rep,NC,,Republican,,,,,,,,,,,,,,,,,,,,,,,,,
George Holding,,M,rep,NC,,Republican,,,,,,,,,,,,,,,,,,,,,,,,,
Kevin Cramer,,M,sen,ND,1,Republican,,,,,,,,,,,,,,,,,,,,,,,,,
Deb Fischer,,F,sen,NE,1,Republican,,,,,,,,,,,,,,,,,,,,,,,,,
Ann M. Kuster,,F,rep,NH,,Democrat,,,,,,,,,,,,,,,,,,,,,,,,,
Grace Meng,,F,rep,NY,,Democrat,,,,,,,,,,,,,,,,,,,,,,,,,
Hakeem S. Jeffries,,M,rep,NY,,Democrat,,,,,,,,,,,,,,,,,,,,,,,,,
Sean Patrick Maloney,,M,rep,NY,,Democrat,,,,,,,,,,,,,,,,,,,,,,,,,
Chris Collins,,M,rep,NY,,Republican,,,,,,,,,,,,,,,,,,,,,,,,,
Brad R. Wenstrup,,M,rep,OH,,Republican,,,,,,,,,,,,,,,,,,,,,,,,,
Joyce Beatty,,F,rep,OH,,Democrat,,,,,,,,,,,,,,,,,,,,,,,,,
David P. Joyce,,M,rep,OH,,Republican,,,,,,,,,,,,,,,,,,,,,,,,,
Markwayne Mullin,,M,rep,OK,,Republican,,,,,,,,,,,,,,,,,,,,,,,,,
Scott Perry,,M,rep,PA,,Republican,,,,,,,,,,,,,,,,,,,,,,,,,
Matt Cartwright,,M,rep,PA,,Democrat,,,,,,,,,,,,,,,,,,,,,,,,,
Tom Rice,,M,rep,SC,,Republican,,,,,,,,,,,,,,,,,,,,,,,,,
Ted Cruz,,M,sen,TX,1,Republican,,,,,,,,,,,,,,,,,,,,,,,,,
"Randy K. Weber, Sr.",,M,rep,TX,,Republican,,,,,,,,,,,,,,,,,,,,,,,,,
Joaquin Castro,,M,rep,TX,,Democrat,,,,,,,,,,,,,,,,,,,,,,,,,
Roger Williams,,M,rep,TX,,Republican,,,,,,,,,,,,,,,,,,,,,,,,,
Marc A. Veasey,,M,rep,TX,,Democrat,,,,,,,,,,,,,,,,,,,,,,,,,
Filemon Vela,,M,rep,TX,,Democrat,,,,,,,,,,,,,,,,,,,,,,,,,
Chris Stewart,,M,rep,UT,,Republican,,,,,,,,,,,,,,,,,,,,,,,,,
Tim Kaine,Tim,M,sen,VA,1,Democrat,,,,,,,,,,,,,,,,,,,,,,,,,
Derek Kilmer,,M,rep,WA,,Democrat,,,,,,,,,,,,,,,,,,,,,,,,,
Denny Heck,,M,rep,WA,,Democrat,,,,,,,,,,,,,,,,,,,,,,,,,
Mark Pocan,,M,rep,WI,,Democrat,,,,,,,,,,,,,,,,,,,,,,,,,
Robin L. Kelly,,F,rep,IL,,Democrat,,,,,,,,,,,,,,,,,,,,,,,,,
Jason Smith,,M,rep,MO,,Republican,,,,,,,,,,,,,,,,,,,,,,,,,
Cory A. Booker,,M,sen,NJ,2,Democrat,,,,,,,,,,,,,,,,,,,,,,,,,
Katherine M. Clark,,F,rep,MA,,Democrat,,,,,,,,,,,,,,,,,,,,,,,,,
Bradley Byrne,,M,rep,AL,,Republican,,,,,,,,,,,,,,,,,,,,,,,,,
Donald Norcross,,M,rep,NJ,,Democrat,,,,,,,,,,,,,,,,,,,,,,,,,
Alma S. Adams,,F,rep,NC,,Democrat,,,,,,,,,,,,,,,,,,,,,,,,,
Gary J. Palmer,,M,rep,AL,,Republican,,,,,,,,,,,,,,,,,,,,,,,,,
J. French Hill,,M,rep,AR,,Republican,,,,,,,,,,,,,,,,,,,,,,,,,
Bruce Westerman,,M,rep,AR,,Republican,,,,,,,,,,,,,,,,,,,,,,,,,
Ruben Gallego,,M,rep,AZ,,Democrat,,,,,,,,,,,,,,,,,,,,,,,,,
Mark DeSaulnier,,M,rep,CA,,Democrat,,,,,,,,,,,,,,,,,,,,,,,,,
Pete Aguilar,,M,rep,CA,,Democrat,,,,,,,,,,,,,,,,,,,,,,,,,
Ted Lieu,,M,rep,CA,,Democrat,,,,,,,,,,,,,,,,,,,,,,,,,
Norma J. Torres,,F,rep,CA,,Democrat,,,,,,,,,,,,,,,,,,,,,,,,,
Ken Buck,,M,rep,CO,,Republican,,,,,,,,,,,,,,,,,,,,,,,,,
"Earl L. ""Buddy"" Carter",,M,rep,GA,,Republican,,,,,,,,,,,,,,,,,,,,,,,,,
Jody B. Hice,,M,rep,GA,,Republican,,,,,,,,,,,,,,,,,,,,,,,,,
Barry Loudermilk,,M,rep,GA,,Republican,,,,,,,,,,,,,,,,,,,,,,,,,
Rick W. Allen,,M,rep,GA,,Republican,,,,,,,,,,,,,,,,,,,,,,,,,
Mike Bost,,M,rep,IL,,Republican,,,,,,,,,,,,,,,,,,,,,,,,,
Ralph Lee Abraham,,M,rep,LA,,Republican,,,,,,,,,,,,,,,,,,,,,,,,,
Garret Graves,,M,rep,LA,,Republican,,,,,,,,,,,,,,,,,,,,,,,,,
Seth Moulton,,M,rep,MA,,Democrat,,,,,,,,,,,,,,,,,,,,,,,,,
John R. Moolenaar,,M,rep,MI,,Republican,,,,,,,,,,,,,,,,,,,,,,,,,
Debbie Dingell,,F,rep,MI,,Democrat,,,,,,,,,,,,,,,,,,,,,,,,,
Brenda L. Lawrence,,F,rep,MI,,Democrat,,,,,,,,,,,,,,,,,,,,,,,,,
Tom Emmer,,M,rep,MN,,Republican,,,,,,,,,,,,,,,,,,,,,,,,,
David Rouzer,,M,rep,NC,,Republican,,,,,,,,,,,,,,,,,,,,,,,,,
Bonnie Watson Coleman,,F,rep,NJ,,Democrat,,,,,,,,,,,,,,,,,,,,,,,,,
Lee M. Zeldin,,M,rep,NY,,Republican,,,,,,,,,,,,,,,,,,,,,,,,,
Kathleen M. Rice,,F,rep,NY,,Democrat,,,,,,,,,,,,,,,,,,,,,,,,,
Elise M. Stefanik,,F,rep,NY,,Republican,,,,,,,,,,,,,,,,,,,,,,,,,
John Katko,,M,rep,NY,,Republican,,,,,,,,,,,,,,,,,,,,,,,,,
Brendan F. Boyle,,M,rep,PA,,Democrat,,,,,,,,,,,,,,,,,,,,,,,,,
John Ratcliffe,,M,rep,TX,,Republican,,,,,,,,,,,,,,,,,,,,,,,,,
Will Hurd,,M,rep,TX,,Republican,,,,,,,,,,,,,,,,,,,,,,,,,
Brian Babin,,M,rep,TX,,Republican,,,,,,,,,,,,,,,,,,,,,,,,,
"Donald S. Beyer, Jr.",,M,rep,VA,,Democrat,,,,,,,,,,,,,,,,,,,,,,,,,
Stacey E. Plaskett,,F,rep,VI,,Democrat,,,,,,,,,,,,,,,,,,,,,,,,,
Dan Newhouse,,M,rep,WA,,Republican,,,,,,,,,,,,,,,,,,,,,,,,,
Glenn Grothman,,M,rep,WI,,Republican,,,,,,,,,,,,,,,,,,,,,,,,,
Alexander X. Mooney,,M,rep,WV,,Republican,,,,,,,,,,,,,,,,,,,,,,,,,
Aumua Amata Coleman Radewagen,,F,rep,AS,,Republican,,,,,,,,,,,,,,,,,,,,,,,,,
Dan Sullivan,,M,sen,AK,2,Republican,,,,,,,,,,,,,,,,,,,,,,,,,
David Perdue,,M,sen,GA,2,Republican,,,,,,,,,,,,,,,,,,,,,,,,,
Joni Ernst,,F,sen,IA,2,Republican,,,,,,,,,,,,,,,,,,,,,,,,,
Thom Tillis,,M,sen,NC,2,Republican,,,,,,,,,,,,,,,,,,,,,,,,,
Mike Rounds,,M,sen,SD,2,Republican,,,,,,,,,,,,,,,,,,,,,,,,,
Mark Walker,,M,rep,NC,,Republican,,,,,,,,,,,,,,,,,,,,,,,,,
Ben Sasse,,M,sen,NE,2,Republican,,,,,,,,,,,,,,,,,,,,,,,,,
Trent Kelly,,M,rep,MS,,Republican,,,,,,,,,,,,,,,,,,,,,,,,,
Darin LaHood,,M,rep,IL,,Republican,,,,,,,,,,,,,,,,,,,,,,,,,
Warren Davidson,,M,rep,OH,,Republican,,,,,,,,,,,,,,,,,,,,,,,,,
James Comer,,M,rep,KY,,Republican,,,,,,,,,,,,,,,,,,,,,,,,,
Dwight Evans,,M,rep,PA,,Democrat,,,,,,,,,,,,,,,,,,,,,,,,,
Kamala D. Harris,,F,sen,CA,3,Democrat,,,,,,,,,,,,,,,,,,,,,,,,,
John Kennedy,,M,sen,LA,3,Republican,,,,,,,,,,,,,,,,,,,,,,,,,
Margaret Wood Hassan,Maggie,F,sen,NH,3,Democrat,,,,,,,,,,,,,,,,,,,,,,,,,
Catherine Cortez Masto,,F,sen,NV,3,Democrat,,,,,,,,,,,,,,,,,,,,,,,,,
Bradley Scott Schneider,,M,rep,IL,,Democrat,,,,,,,,,,,,,,,,,,,,,,,,,
Tom O’Halleran,,M,rep,AZ,,Democrat,,,,,,,,,,,,,,,,,,,,,,,,,
Andy Biggs,,M,rep,AZ,,Republican,,,,,,,,,,,,,,,,,,,,,,,,,
Ro Khanna,,M,rep,CA,,Democrat,,,,,,,,,,,,,,,,,,,,,,,,,
Jimmy Panetta,,M,rep,CA,,Democrat,,,,,,,,,,,,,,,,,,,,,,,,,
Salud O. Carbajal,,M,rep,CA,,Democrat,,,,,,,,,,,,,,,,,,,,,,,,,
Nanette Diaz Barragán,,F,rep,CA,,Democrat,,,,,,,,,,,,,,,,,,,,,,,,,
J. Luis Correa,,M,rep,CA,,Democrat,,,,,,,,,,,,,,,,,,,,,,,,,
Lisa Blunt Rochester,,F,rep,DE,,Democrat,,,,,,,,,,,,,,,,,,,,,,,,,
Matt Gaetz,,M,rep,FL,,Republican,,,,,,,,,,,,,,,,,,,,,,,,,
Neal P. Dunn,,M,rep,FL,,Republican,,,,,,,,,,,,,,,,,,,,,,,,,
John H. Rutherford,,M,rep,FL,,Republican,,,,,,,,,,,,,,,,,,,,,,,,,
"Al Lawson, Jr.",,M,rep,FL,,Democrat,,,,,,,,,,,,,,,,,,,,,,,,,
Stephanie N. Murphy,,F,rep,FL,,Democrat,,,,,,,,,,,,,,,,,,,,,,,,,
Darren Soto,,M,rep,FL,,Democrat,,,,,,,,,,,,,,,,,,,,,,,,,
Val Butler Demings,,F,rep,FL,,Democrat,,,,,,,,,,,,,,,,,,,,,,,,,
Charlie Crist,,M,rep,FL,,Democrat,,,,,,,,,,,,,,,,,,,,,,,,,
Brian J. Mast,,M,rep,FL,,Republican,,,,,,,,,,,,,,,,,,,,,,,,,
Francis Rooney,,M,rep,FL,,Republican,,,,,,,,,,,,,,,,,,,,,,,,,
A. Drew Ferguson IV,,M,rep,GA,,Republican,,,,,,,,,,,,,,,,,,,,,,,,,
Raja Krishnamoorthi,,M,rep,IL,,Democrat,,,,,,,,,,,,,,,,,,,,,,,,,
Jim Banks,,M,rep,IN,,Republican,,,,,,,,,,,,,,,,,,,,,,,,,
Trey Hollingsworth,,M,rep,IN,,Republican,,,,,,,,,,,,,,,,,,,,,,,,,
Roger W. Marshall,,M,rep,KS,,Republican,,,,,,,,,,,,,,,,,,,,,,,,,
Clay Higgins,,M,rep,LA,,Republican,,,,,,,,,,,,,,,,,,,,,,,,,
Mike Johnson,,M,rep,LA,,Republican,,,,,,,,,,,,,,,,,,,,,,,,,
Anthony G. Brown,,M,rep,MD,,Democrat,,,,,,,,,,,,,,,,,,,,,,,,,
Jamie Raskin,,M,rep,MD,,Democrat,,,,,,,,,,,,,,,,,,,,,,,,,
Jack Bergman,,M,rep,MI,,Republican,,,,,,,,,,,,,,,,,,,,,,,,,
Paul Mitchell,,M,rep,MI,,Republican,,,,,,,,,,,,,,,,,,,,,,,,,
Ted Budd,,M,rep,NC,,Republican,,,,,,,,,,,,,,,,,,,,,,,,,
Don Bacon,,M,rep,NE,,Republican,,,,,,,,,,,,,,,,,,,,,,,,,
Josh Gottheimer,,M,rep,NJ,,Democrat,,,,,,,,,,,,,,,,,,,,,,,,,
Jacky Rosen,,F,sen,NV,1,Democrat,,,,,,,,,,,,,,,,,,,,,,,,,
Thomas R. Suozzi,,M,rep,NY,,Democrat,,,,,,,,,,,,,,,,,,,,,,,,,
Adriano Espaillat,,M,rep,NY,,Democrat,,,,,,,,,,,,,,,,,,,,,,,,,
Brian K. Fitzpatrick,,M,rep,PA,,Republican,,,,,,,,,,,,,,,,,,,,,,,,,
Lloyd Smucker,,M,rep,PA,,Republican,,,,,,,,,,,,,,,,,,,,,,,,,
Jenniffer González-Colón,,F,rep,PR,,Republican,,,,,,,,,,,,,,,,,,,,,,,,,
David Kustoff,,M,rep,TN,,Republican,,,,,,,,,,,,,,,,,,,,,,,,,
Vicente Gonzalez,,M,rep,TX,,Democrat,,,,,,,,,,,,,,,,,,,,,,,,,
Jodey C. Arrington,,M,rep,TX,,Republican,,,,,,,,,,,,,,,,,,,,,,,,,
A. Donald McEachin,,M,rep,VA,,Democrat,,,,,,,,,,,,,,,,,,,,,,,,,
Pramila Jayapal,,F,rep,WA,,Democrat,,,,,,,,,,,,,,,,,,,,,,,,,
Mike Gallagher,,M,rep,WI,,Republican,,,,,,,,,,,,,,,,,,,,,,,,,
Liz Cheney,,F,rep,WY,,Republican,,,,,,,,,,,,,,,,,,,,,,,,,
Ron Estes,,M,rep,KS,,Republican,,,,,,,,,,,,,,,,,,,,,,,,,
Greg Gianforte,,M,rep,MT,,Republican,,,,,,,,,,,,,,,,,,,,,,,,,
Ralph Norman,,M,rep,SC,,Republican,,,,,,,,,,,,,,,,,,,,,,,,,
Jimmy Gomez,,M,rep,CA,,Democrat,,,,,,,,,,,,,,,,,,,,,,,,,
John R. Curtis,,M,rep,UT,,Republican,,,,,,,,,,,,,,,,,,,,,,,,,
Doug Jones,,M,sen,AL,2,Democrat,,,,,,,,,,,,,,,,,,,,,,,,,
Tina Smith,,F,sen,MN,2,Democrat,,,,,,,,,,,,,,,,,,,,,,,,,
Cindy Hyde-Smith,,F,sen,MS,2,Republican,,,,,,,,,,,,,,,,,,,,,,,,,
Conor Lamb,,M,rep,PA,,Democrat,,,,,,,,,,,,,,,,,,,,,,,,,
Debbie Lesko,,F,rep,AZ,,Republican,,,,,,,,,,,,,,,,,,,,,,,,,
Michael Cloud,,M,rep,TX,,Republican,,,,,,,,,,,,,,,,,,,,,,,,,
Troy Balderson,,M,rep,OH,,Republican,,,,,,,,,,,,,,,,,,,,,,,,,
Kevin Hern,,M,rep,OK,,Republican,,,,,,,,,,,,,,,,,,,,,,,,,
Joseph D. Morelle,,M,rep,NY,,Democrat,,,,,,,,,,,,,,,,,,,,,,,,,
Mary Gay Scanlon,,F,rep,PA,,Democrat,,,,,,,,,,,,,,,,,,,,,,,,,
Susan Wild,,F,rep,PA,,Democrat,,,,,,,,,,,,,,,,,,,,,,,,,
Ed Case,,M,rep,HI,,Democrat,,,,,,,,,,,,,,,,,,,,,,,,,
Steven Horsford,,M,rep,NV,,Democrat,,,,,,,,,,,,,,,,,,,,,,,,,
Ann Kirkpatrick,,F,rep,AZ,,Democrat,,,,,,,,,,,,,,,,,,,,,,,,,
Greg Stanton,,M,rep,AZ,,Democrat,,,,,,,,,,,,,,,,,,,,,,,,,
Josh Harder,,M,rep,CA,,Democrat,,,,,,,,,,,,,,,,,,,,,,,,,
TJ Cox,,M,rep,CA,,Democrat,,,,,,,,,,,,,,,,,,,,,,,,,
Katie Hill,,F,rep,CA,,Democrat,,,,,,,,,,,,,,,,,,,,,,,,,
"Gilbert Ray Cisneros, Jr.",,M,rep,CA,,Democrat,,,,,,,,,,,,,,,,,,,,,,,,,
Katie Porter,,F,rep,CA,,Democrat,,,,,,,,,,,,,,,,,,,,,,,,,
Harley Rouda,,M,rep,CA,,Democrat,,,,,,,,,,,,,,,,,,,,,,,,,
Mike Levin,,M,rep,CA,,Democrat,,,,,,,,,,,,,,,,,,,,,,,,,
Joe Neguse,,M,rep,CO,,Democrat,,,,,,,,,,,,,,,,,,,,,,,,,
Jason Crow,,M,rep,CO,,Democrat,,,,,,,,,,,,,,,,,,,,,,,,,
Jahana Hayes,,F,rep,CT,,Democrat,,,,,,,,,,,,,,,,,,,,,,,,,
Michael Waltz,,M,rep,FL,,Republican,,,,,,,,,,,,,,,,,,,,,,,,,
Ross Spano,,M,rep,FL,,Republican,,,,,,,,,,,,,,,,,,,,,,,,,
W. Gregory Steube,,M,rep,FL,,Republican,,,,,,,,,,,,,,,,,,,,,,,,,
Debbie Mucarsel-Powell,,F,rep,FL,,Democrat,,,,,,,,,,,,,,,,,,,,,,,,,
Donna E. Shalala,,F,rep,FL,,Democrat,,,,,,,,,,,,,,,,,,,,,,,,,
Lucy McBath,,F,rep,GA,,Democrat,,,,,,,,,,,,,,,,,,,,,,,,,
Michael F. Q. San Nicolas,,M,rep,GU,,Democrat,,,,,,,,,,,,,,,,,,,,,,,,,
Abby Finkenauer,,F,rep,IA,,Democrat,,,,,,,,,,,,,,,,,,,,,,,,,
Cynthia Axne,,F,rep,IA,,Democrat,,,,,,,,,,,,,,,,,,,,,,,,,
Russ Fulcher,,M,rep,ID,,Republican,,,,,,,,,,,,,,,,,,,,,,,,,
"Jesús G. ""Chuy"" García",,M,rep,IL,,Democrat,,,,,,,,,,,,,,,,,,,,,,,,,
Sean Casten,,M,rep,IL,,Democrat,,,,,,,,,,,,,,,,,,,,,,,,,
Lauren Underwood,,F,rep,IL,,Democrat,,,,,,,,,,,,,,,,,,,,,,,,,
James R. Baird,,M,rep,IN,,Republican,,,,,,,,,,,,,,,,,,,,,,,,,
Greg Pence,,M,rep,IN,,Republican,,,,,,,,,,,,,,,,,,,,,,,,,
Steve Watkins,,M,rep,KS,,Republican,,,,,,,,,,,,,,,,,,,,,,,,,
Sharice Davids,,F,rep,KS,,Democrat,,,,,,,,,,,,,,,,,,,,,,,,,
Lori Trahan,,F,rep,MA,,Democrat,,,,,,,,,,,,,,,,,,,,,,,,,
Ayanna Pressley,,F,rep,MA,,Democrat,,,,,,,,,,,,,,,,,,,,,,,,,
David J. Trone,,M,rep,MD,,Democrat,,,,,,,,,,,,,,,,,,,,,,,,,
Elissa Slotkin,,F,rep,MI,,Democrat,,,,,,,,,,,,,,,,,,,,,,,,,
Andy Levin,,M,rep,MI,,Democrat,,,,,,,,,,,,,,,,,,,,,,,,,
Haley M. Stevens,,F,rep,MI,,Democrat,,,,,,,,,,,,,,,,,,,,,,,,,
Rashida Tlaib,,F,rep,MI,,Democrat,,,,,,,,,,,,,,,,,,,,,,,,,
Jim Hagedorn,,M,rep,MN,,Republican,,,,,,,,,,,,,,,,,,,,,,,,,
Angie Craig,,F,rep,MN,,Democrat,,,,,,,,,,,,,,,,,,,,,,,,,
Dean Phillips,,M,rep,MN,,Democrat,,,,,,,,,,,,,,,,,,,,,,,,,
Ilhan Omar,,F,rep,MN,,Democrat,,,,,,,,,,,,,,,,,,,,,,,,,
Pete Stauber,,M,rep,MN,,Republican,,,,,,,,,,,,,,,,,,,,,,,,,
Michael Guest,,M,rep,MS,,Republican,,,,,,,,,,,,,,,,,,,,,,,,,
Kelly Armstrong,,M,rep,ND,,Republican,,,,,,,,,,,,,,,,,,,,,,,,,
Chris Pappas,,M,rep,NH,,Democrat,,,,,,,,,,,,,,,,,,,,,,,,,
Jefferson Van Drew,,M,rep,NJ,,Democrat,,,,,,,,,,,,,,,,,,,,,,,,,
Andy Kim,,M,rep,NJ,,Democrat,,,,,,,,,,,,,,,,,,,,,,,,,
Tom Malinowski,,M,rep,NJ,,Democrat,,,,,,,,,,,,,,,,,,,,,,,,,
Mikie Sherrill,,F,rep,NJ,,Democrat,,,,,,,,,,,,,,,,,,,,,,,,,
Debra A. Haaland,,F,rep,NM,,Democrat,,,,,,,,,,,,,,,,,,,,,,,,,
Xochitl Torres Small,,F,rep,NM,,Democrat,,,,,,,,,,,,,,,,,,,,,,,,,
Susie Lee,,F,rep,NV,,Democrat,,,,,,,,,,,,,,,,,,,,,,,,,
Max Rose,,M,rep,NY,,Democrat,,,,,,,,,,,,,,,,,,,,,,,,,
Alexandria Ocasio-Cortez,,F,rep,NY,,Democrat,,,,,,,,,,,,,,,,,,,,,,,,,
Antonio Delgado,,M,rep,NY,,Democrat,,,,,,,,,,,,,,,,,,,,,,,,,
Anthony Brindisi,,M,rep,NY,,Democrat,,,,,,,,,,,,,,,,,,,,,,,,,
Anthony Gonzalez,,M,rep,OH,,Republican,,,,,,,,,,,,,,,,,,,,,,,,,
Kendra S. Horn,,F,rep,OK,,Democrat,,,,,,,,,,,,,,,,,,,,,,,,,
Madeleine Dean,,F,rep,PA,,Democrat,,,,,,,,,,,,,,,,,,,,,,,,,
Chrissy Houlahan,,F,rep,PA,,Democrat,,,,,,,,,,,,,,,,,,,,,,,,,
Daniel Meuser,,M,rep,PA,,Republican,,,,,,,,,,,,,,,,,,,,,,,,,
John Joyce,,M,rep,PA,,Republican,,,,,,,,,,,,,,,,,,,,,,,,,
Guy Reschenthaler,,M,rep,PA,,Republican,,,,,,,,,,,,,,,,,,,,,,,,,
Joe Cunningham,,M,rep,SC,,Democrat,,,,,,,,,,,,,,,,,,,,,,,,,
William R. Timmons IV,,M,rep,SC,,Republican,,,,,,,,,,,,,,,,,,,,,,,,,
Dusty Johnson,,M,rep,SD,,Republican,,,,,,,,,,,,,,,,,,,,,,,,,
Tim Burchett,,M,rep,TN,,Republican,,,,,,,,,,,,,,,,,,,,,,,,,
John W. Rose,,M,rep,TN,,Republican,,,,,,,,,,,,,,,,,,,,,,,,,
Mark E. Green,,M,rep,TN,,Republican,,,,,,,,,,,,,,,,,,,,,,,,,
Dan Crenshaw,,M,rep,TX,,Republican,,,,,,,,,,,,,,,,,,,,,,,,,
Van Taylor,,M,rep,TX,,Republican,,,,,,,,,,,,,,,,,,,,,,,,,
Lance Gooden,,M,rep,TX,,Republican,,,,,,,,,,,,,,,,,,,,,,,,,
Ron Wright,,M,rep,TX,,Republican,,,,,,,,,,,,,,,,,,,,,,,,,
Lizzie Fletcher,,F,rep,TX,,Democrat,,,,,,,,,,,,,,,,,,,,,,,,,
Veronica Escobar,,F,rep,TX,,Democrat,,,,,,,,,,,,,,,,,,,,,,,,,
Chip Roy,,M,rep,TX,,Republican,,,,,,,,,,,,,,,,,,,,,,,,,
Sylvia R. Garcia,,F,rep,TX,,Democrat,,,,,,,,,,,,,,,,,,,,,,,,,
Colin Z. Allred,,M,rep,TX,,Democrat,,,,,,,,,,,,,,,,,,,,,,,,,
Ben McAdams,,M,rep,UT,,Democrat,,,,,,,,,,,,,,,,,,,,,,,,,
Elaine G. Luria,,F,rep,VA,,Democrat,,,,,,,,,,,,,,,,,,,,,,,,,
Denver Riggleman,,M,rep,VA,,Republican,,,,,,,,,,,,,,,,,,,,,,,,,
Ben Cline,,M,rep,VA,,Republican,,,,,,,,,,,,,,,,,,,,,,,,,
Abigail Davis Spanberger,,F,rep,VA,,Democrat,,,,,,,,,,,,,,,,,,,,,,,,,
Jennifer Wexton,,F,rep,VA,,Democrat,,,,,,,,,,,,,,,,,,,,,,,,,
Kim Schrier,,F,rep,WA,,Democrat,,,,,,,,,,,,,,,,,,,,,,,,,
Bryan Steil,,M,rep,WI,,Republican,,,,,,,,,,,,,,,,,,,,,,,,,
Carol D. Miller,,F,rep,WV,,Republican,,,,,,,,,,,,,,,,,,,,,,,,,
Rick Scott,,M,sen,FL,1,Republican,,,,,,,,,,,,,,,,,,,,,,,,,
Mike Braun,,M,sen,IN,1,Republican,,,,,,,,,,,,,,,,,,,,,,,,,
Josh Hawley,,M,sen,MO,1,Republican,,,,,,,,,,,,,,,,,,,,,,,,,
Mitt Romney,,M,sen,UT,1,Republican,,,,,,,,,,,,,,,,,,,,,,,,,
Martha McSally,,F,sen,AZ,3,Republican,,,,,,,,,,,,,,,,,,,,,,,,,
Jared F. Golden,,M,rep,ME,,Democrat,,,,,,,,,,,,,,,,,,,,,,,,,
Fred Keller,,M,rep,PA,,Republican,,,,,,,,,,,,,,,,,,,,,,,,,
